Title,Link,Date,Day,,,,,,,,,,,,,,,,,,,,,,,,,,,,,,,,,,,,,,,,,,,,,,,,,
"上海迪士尼,出去浪啊!",http://travel.qunar.com/youji/7013783,2018-03-26 出发,共1天,东方明珠塔,上海野生动物园,雷鸣山漂流,古迹探索营,奇幻童话城堡,,,,,,,,,,,,,,,,,,,,,,,,,,,,,,,,,,,,,,,,,,,,
上海古镇老街游,http://travel.qunar.com/youji/7008581,2018-03-18 出发,共1天,娄塘古镇,安亭老街,真如古镇,真如寺,真如公园,,,,,,,,,,,,,,,,,,,,,,,,,,,,,,,,,,,,,,,,,,,,
上海老街走一走,http://travel.qunar.com/youji/7008099,2018-03-17 出发,共1天,庄行老街,仓城老街,上海视觉艺术学院,华东政法大学,广富林遗址文化公园,泗泾公园,泗泾老街,,,,,,,,,,,,,,,,,,,,,,,,,,,,,,,,,,,,,,,,,,
上海怎么玩？最适合文艺小资的街道！让整个魔都充满文艺范儿（含上海青年旅行推荐）,http://travel.qunar.com/youji/7005973,2018-03-13 出发,共3天,最适合文艺青年的打卡地,文艺小资街道,新天地,武康路,田子坊,巨鹿路,莫干山路,安福路,思南路,新华路,永嘉路,衡山路,热门景点推荐,上海迪士尼,杜莎夫人蜡像馆,东方明珠广播电视塔,上海中心大厦上海之巅观光厅,上海海洋水族馆,历史文化的建筑,上海影视乐园,朱家角,马勒别墅,,,,,,,,,,,,,,,,,,,,,,,,,,,
圆梦迪士尼，寻回属于童年的小美好,http://travel.qunar.com/youji/7010523,2018-03-12 出发,共2天,迪士尼乐园游玩贴士,上海迪士尼,米奇大街,创极速光轮,梦幻世界,皮诺丘乡村厨房,迪士尼世界商店,冰雪奇缘：欢唱盛会,幻想曲旋转木马,点亮奇梦：夜光幻影秀,上海迪士尼乐园酒店,翱翔•飞越地平线,雷鸣山漂流,宝藏湾,米奇大街,点亮奇梦：夜光幻影秀,,,,,,,,,,,,,,,,,,,,,,,,,,,,,,,,,
魔都历史街区&名人故居1日游,http://travel.qunar.com/youji/7004876,2018-03-11 出发,共1天,溧阳路文化名人街,山阴路,四川北路,多伦路文化名人街,陕西北路,北京西路,愚园路,常熟路,宝庆路,衡山路,宋子文别墅,,,,,,,,,,,,,,,,,,,,,,,,,,,,,,,,,,,,,,
三月魔都行,http://travel.qunar.com/youji/7004556,2018-03-10 出发,共1天,董家渡天主堂,老码头,老码头创意园,书隐楼,四明公所,古城墙,大境阁,8号桥,嘉善老市,步高里,陕西南路,马勒别墅,襄阳公园,新乐路东正教堂,上海首席公馆酒店,徐家汇藏书楼,上海气象博物馆,,,,,,,,,,,,,,,,,,,,,,,,,,,,,,,,
上海2日游（迪士尼—东方明珠塔—水族馆—外滩—城隍庙）,http://travel.qunar.com/youji/7004946,2018-03-08 出发,共2天,无题,第一天，周四，三八妇女节,上海家静酒店公寓,第二天，周五，☀,上海迪士尼,第三天，周六，☀,东方明珠广播电视塔,上海城市历史发展陈列馆,上海海洋水族馆,外滩,上海城隍庙,上海新易途国际青年旅舍,第四天，陌上花开，可缓缓归矣,上海虹桥站,,,,,,,,,,,,,,,,,,,,,,,,,,,,,,,,,,,
#降低重点国有景区门票价格#必须收藏！最详细的国有5A景区信息清单（江浙沪篇）,http://travel.qunar.com/youji/7002416,2018-03-06 出发,共2天,总理大红包！旅游有福音！,降低重点国有景区门票价格,上海,东方明珠广播电视塔,上海野生动物园,上海科技馆,浙江,西湖,雁荡山,普陀山,千岛湖,乌镇,横店影视城,西溪湿地公园,鲁迅故里,南湖,南浔,西塘,神仙居景区,天台山景区,江郎山,溪口,开化根宫佛国文化旅游区,江苏,夫子庙,中山陵,茅山,北固山,沙家浜,太湖,金鸡湖,周庄,拙政园,留园,虎丘,同里,天目湖旅游度假区,中华恐龙园,淹城春秋乐园,灵山胜境风景区,鼋头渚,水浒城,濠河,溱湖国家湿地公园,瘦西湖,周恩来故里旅游景区,中华麋鹿园,连云港花果山景区,云龙湖
上海野生动物园&世纪公园休闲游,http://travel.qunar.com/youji/7001356,2018-03-04 出发,共1天,同济大学,上海野生动物园,世纪公园,,,,,,,,,,,,,,,,,,,,,,,,,,,,,,,,,,,,,,,,,,,,,,
